# {"t_start": 1613491334.3874025, "env_id": "HalfCheetah-v2"} 
r,l,t
-191.546395,1000,0.11748
